{
	"miniprogramRoot": "miniprogram/",
	"cloudfunctionRoot": "cloudfunctions/",
	"setting": {
		"urlCheck": true,
		"es6": true,
		"postcss": true,
		"minified": true,
		"newFeature": true,
		"checkInvalidKey": true,
		"checkSiteMap": true,
		"uploadWithSourceMap": true,
		"babelSetting": {
			"ignore": [],
			"disablePlugins": [],
			"outputPath": ""
		}
	},
	"appid": "wx702e73f90a714c25",
	"projectname": "clouddev",
	"simulatorType": "wechat",
	"simulatorPluginLibVersion": {},
	"libVersion": "2.7.1",
	"condition": {
		"search": {
			"current": -1,
			"list": []
		},
		"conversation": {
			"current": -1,
			"list": []
		},
		"plugin": {
			"current": -1,
			"list": []
		},
		"game": {
			"list": []
		},
		"miniprogram": {
			"current": 2,
			"list": [
				{
					"id": -1,
					"name": "addStudent",
					"pathName": "pages/addStudent/index",
					"query": ""
				},
				{
					"id": -1,
					"name": "scanCode",
					"pathName": "pages/scanCode/scanCode",
					"query": ""
				}
			]
		}
	}
}